{
  "server": "adam",
  "user": "lmg",
  "description": "ezgatr",
  "job_id": "1780063719_lmg",
  "data": [
    {
      "X": {
        "B": 8,
        "T": 32,
        "C_in": 2,
        "D": 16
      },
      "cycles": 742204385.0,
      "N": 1,
      "perf": {
        "cycles": 1046553279.5555556,
        "instructions": 2820275531.7777777,
        "FP_ARITH_INST_RETIRED.SCALAR_SINGLE": 48875963.11111111,
        "FP_ARITH_INST_RETIRED.128B_PACKED_SINGLE": 0.0,
        "FP_ARITH_INST_RETIRED.256B_PACKED_SINGLE": 1709762034.3333333,
        "L1-dcache-loads": 1005642371.1111112,
        "L1-dcache-stores": 142634803.44444445,
        "l2_rqsts.references": 120386127.1111111,
        "l2_rqsts.miss": 36292814.0,
        "mem_load_retired.l3_miss": 293309.8888888889
      },
      "dram": {
        "unc_m_cas_count_rd": 11102448.111111112,
        "unc_m_cas_count_wr": 6636788.444444444
      }
    },
    {
      "X": {
        "B": 8,
        "T": 64,
        "C_in": 4,
        "D": 16
      },
      "cycles": 1573220862.5,
      "N": 2,
      "perf": {
        "cycles": 1878643056.6666667,
        "instructions": 4879870757.888889,
        "FP_ARITH_INST_RETIRED.SCALAR_SINGLE": 98616148.55555555,
        "FP_ARITH_INST_RETIRED.128B_PACKED_SINGLE": 0.0,
        "FP_ARITH_INST_RETIRED.256B_PACKED_SINGLE": 3402085204.3333335,
        "L1-dcache-loads": 1809924876.8888888,
        "L1-dcache-stores": 180059036.7777778,
        "l2_rqsts.references": 220935496.7777778,
        "l2_rqsts.miss": 104664117.55555555,
        "mem_load_retired.l3_miss": 767665.1111111111
      },
      "dram": {
        "unc_m_cas_count_rd": 21938149.777777776,
        "unc_m_cas_count_wr": 14937022.222222222
      }
    },
    {
      "X": {
        "B": 8,
        "T": 96,
        "C_in": 6,
        "D": 16
      },
      "cycles": 2425064392.4999995,
      "N": 3,
      "perf": {
        "cycles": 2713413703.2222223,
        "instructions": 7036646200.888889,
        "FP_ARITH_INST_RETIRED.SCALAR_SINGLE": 153291301.66666666,
        "FP_ARITH_INST_RETIRED.128B_PACKED_SINGLE": 0.0,
        "FP_ARITH_INST_RETIRED.256B_PACKED_SINGLE": 5135802878.222222,
        "L1-dcache-loads": 2615813915.3333335,
        "L1-dcache-stores": 227190059.7777778,
        "l2_rqsts.references": 313143700.0,
        "l2_rqsts.miss": 163457514.7777778,
        "mem_load_retired.l3_miss": 3007806.888888889
      },
      "dram": {
        "unc_m_cas_count_rd": 48070167.55555555,
        "unc_m_cas_count_wr": 24701755.333333332
      }
    },
    {
      "X": {
        "B": 8,
        "T": 128,
        "C_in": 8,
        "D": 16
      },
      "cycles": 4161180730.0,
      "N": 4,
      "perf": {
        "cycles": 4446669525.222222,
        "instructions": 9183812127.333334,
        "FP_ARITH_INST_RETIRED.SCALAR_SINGLE": 190101191.8888889,
        "FP_ARITH_INST_RETIRED.128B_PACKED_SINGLE": 0.0,
        "FP_ARITH_INST_RETIRED.256B_PACKED_SINGLE": 7049477964.666667,
        "L1-dcache-loads": 3503490608.2222223,
        "L1-dcache-stores": 274789563.4444444,
        "l2_rqsts.references": 494225316.6666667,
        "l2_rqsts.miss": 277564610.0,
        "mem_load_retired.l3_miss": 22077569.333333332
      },
      "dram": {
        "unc_m_cas_count_rd": 140727787.0,
        "unc_m_cas_count_wr": 38003626.666666664
      }
    }
  ]
}